{
    "iterations": 812,
    "depth": 4,
    "learning_rate": 0.036108116289748804,
    "l2_leaf_reg": 1.4053928765696646,
    "bootstrap_type": "Bernoulli",
    "random_strength": 0.04210060503334374,
    "subsample": 0.5165352311330962
}