{
    "iterations": 539,
    "depth": 5,
    "learning_rate": 0.0472243073128008,
    "l2_leaf_reg": 0.24341328374260535,
    "bootstrap_type": "Bernoulli",
    "random_strength": 0.03776414319785232,
    "subsample": 0.5181188440599487
}